-- MySQL dump 10.13  Distrib 5.5.0-m2, for Win32 (ia32)
--
-- Host: localhost    Database: mykart
-- ------------------------------------------------------
-- Server version	5.5.0-m2-community

/*!40101 SET @OLD_CHARACTER_SET_CLIENT=@@CHARACTER_SET_CLIENT */;
/*!40101 SET @OLD_CHARACTER_SET_RESULTS=@@CHARACTER_SET_RESULTS */;
/*!40101 SET @OLD_COLLATION_CONNECTION=@@COLLATION_CONNECTION */;
/*!40101 SET NAMES utf8 */;
/*!40103 SET @OLD_TIME_ZONE=@@TIME_ZONE */;
/*!40103 SET TIME_ZONE='+00:00' */;
/*!40014 SET @OLD_UNIQUE_CHECKS=@@UNIQUE_CHECKS, UNIQUE_CHECKS=0 */;
/*!40014 SET @OLD_FOREIGN_KEY_CHECKS=@@FOREIGN_KEY_CHECKS, FOREIGN_KEY_CHECKS=0 */;
/*!40101 SET @OLD_SQL_MODE=@@SQL_MODE, SQL_MODE='NO_AUTO_VALUE_ON_ZERO' */;
/*!40111 SET @OLD_SQL_NOTES=@@SQL_NOTES, SQL_NOTES=0 */;

--
-- Current Database: `mykart`
--

CREATE DATABASE /*!32312 IF NOT EXISTS*/ `mykart` /*!40100 DEFAULT CHARACTER SET latin1 */;

USE `mykart`;

--
-- Table structure for table `categories`
--

DROP TABLE IF EXISTS `categories`;
/*!40101 SET @saved_cs_client     = @@character_set_client */;
/*!40101 SET character_set_client = utf8 */;
CREATE TABLE `categories` (
  `id` bigint(20) NOT NULL AUTO_INCREMENT,
  `name` varchar(250) NOT NULL,
  `is_active` bit(1) NOT NULL DEFAULT b'1',
  `active_from` datetime DEFAULT NULL,
  `active_till` datetime DEFAULT NULL,
  PRIMARY KEY (`id`)
) ENGINE=InnoDB AUTO_INCREMENT=15 DEFAULT CHARSET=latin1;
/*!40101 SET character_set_client = @saved_cs_client */;

--
-- Dumping data for table `categories`
--

LOCK TABLES `categories` WRITE;
/*!40000 ALTER TABLE `categories` DISABLE KEYS */;
INSERT INTO `categories` VALUES (1,'toothpaste','','2015-08-29 15:35:06',NULL),(2,'toothbrush','','2015-08-29 15:35:06',NULL),(3,'handwash','','2015-08-29 15:35:06',NULL),(4,'bathing soap','','2015-08-29 15:35:06',NULL),(5,'washing soap','','2015-08-29 15:35:06',NULL),(6,'washing powder','','2015-08-29 15:35:06',NULL),(7,'pooja items','','2015-08-29 15:35:06',NULL),(8,'hair oil','','2015-08-29 15:35:06',NULL),(9,'hair gel','','2015-08-29 15:35:06',NULL),(10,'shampoo','','2015-08-29 15:35:06',NULL),(11,'breakfast','','2015-08-29 15:35:06',NULL),(12,'grains','','2015-08-29 15:35:06',NULL),(13,'ediable oil','','2015-08-29 15:35:06',NULL),(14,'masala','','2015-08-29 15:35:06',NULL);
/*!40000 ALTER TABLE `categories` ENABLE KEYS */;
UNLOCK TABLES;

--
-- Table structure for table `product_mappings`
--

DROP TABLE IF EXISTS `product_mappings`;
/*!40101 SET @saved_cs_client     = @@character_set_client */;
/*!40101 SET character_set_client = utf8 */;
CREATE TABLE `product_mappings` (
  `id` bigint(20) NOT NULL AUTO_INCREMENT,
  `product_id` bigint(20) DEFAULT NULL,
  `vendor_id` bigint(20) DEFAULT NULL,
  `vendor_product_id` varchar(250) DEFAULT NULL,
  `price` decimal(18,3) DEFAULT NULL,
  `price_last_updated_at` datetime DEFAULT NULL,
  `vendor_product_url` varchar(250) DEFAULT NULL,
  PRIMARY KEY (`id`),
  KEY `product_id_idx` (`product_id`),
  KEY `vendor_id_idx` (`vendor_id`),
  CONSTRAINT `product_id` FOREIGN KEY (`product_id`) REFERENCES `products` (`id`) ON DELETE NO ACTION ON UPDATE NO ACTION,
  CONSTRAINT `vendor_id` FOREIGN KEY (`vendor_id`) REFERENCES `vendors` (`id`) ON DELETE NO ACTION ON UPDATE NO ACTION
) ENGINE=InnoDB AUTO_INCREMENT=207 DEFAULT CHARSET=latin1;
/*!40101 SET character_set_client = @saved_cs_client */;

--
-- Dumping data for table `product_mappings`
--

LOCK TABLES `product_mappings` WRITE;
/*!40000 ALTER TABLE `product_mappings` DISABLE KEYS */;
INSERT INTO `product_mappings` VALUES (3,102,1,'102',23.230,'2015-08-29 17:30:42',NULL),(4,102,2,'102',20.200,'2015-08-29 17:30:42',NULL),(5,102,1,'102',10.000,'2015-08-29 17:30:42',NULL),(6,102,2,'102',20.000,'2015-08-29 17:30:42',NULL),(7,103,1,'103',30.000,'2015-08-29 17:30:42',NULL),(8,103,2,'103',40.000,'2015-08-29 17:30:42',NULL),(9,104,1,'104',50.000,'2015-08-29 17:30:42',NULL),(10,104,2,'104',60.000,'2015-08-29 17:30:42',NULL),(11,105,1,'105',70.000,'2015-08-29 17:30:42',NULL),(12,105,2,'105',80.000,'2015-08-29 17:30:42',NULL),(13,106,1,'106',90.000,'2015-08-29 17:30:42',NULL),(14,106,2,'106',10.000,'2015-08-29 17:30:42',NULL),(15,107,1,'107',20.000,'2015-08-29 17:30:42',NULL),(16,107,2,'107',30.000,'2015-08-29 17:30:42',NULL),(17,108,1,'108',40.000,'2015-08-29 17:30:42',NULL),(18,108,2,'108',50.000,'2015-08-29 17:30:42',NULL),(19,109,1,'109',60.000,'2015-08-29 17:30:42',NULL),(20,109,2,'109',70.000,'2015-08-29 17:30:42',NULL),(21,110,1,'110',80.000,'2015-08-29 17:30:42',NULL),(22,110,2,'110',90.000,'2015-08-29 17:30:42',NULL),(23,111,1,'111',10.000,'2015-08-29 17:30:42',NULL),(24,111,2,'111',20.000,'2015-08-29 17:30:42',NULL),(25,112,1,'112',30.000,'2015-08-29 17:30:42',NULL),(26,112,2,'112',40.000,'2015-08-29 17:30:42',NULL),(27,113,1,'113',50.000,'2015-08-29 17:30:42',NULL),(28,113,2,'113',60.000,'2015-08-29 17:30:42',NULL),(29,114,1,'114',70.000,'2015-08-29 17:30:42',NULL),(30,114,2,'114',80.000,'2015-08-29 17:30:42',NULL),(31,115,1,'115',90.000,'2015-08-29 17:30:42',NULL),(32,115,2,'115',10.000,'2015-08-29 17:30:42',NULL),(33,116,1,'116',20.000,'2015-08-29 17:30:42',NULL),(34,116,2,'116',30.000,'2015-08-29 17:30:42',NULL),(35,117,1,'117',40.000,'2015-08-29 17:30:42',NULL),(36,117,2,'117',50.000,'2015-08-29 17:30:42',NULL),(37,118,1,'118',60.000,'2015-08-29 17:30:42',NULL),(38,118,2,'118',70.000,'2015-08-29 17:30:42',NULL),(39,119,1,'119',80.000,'2015-08-29 17:30:42',NULL),(40,119,2,'119',90.000,'2015-08-29 17:30:42',NULL),(41,120,1,'120',10.000,'2015-08-29 17:30:42',NULL),(42,120,2,'120',20.000,'2015-08-29 17:30:42',NULL),(43,121,1,'121',30.000,'2015-08-29 17:30:42',NULL),(44,121,2,'121',40.000,'2015-08-29 17:30:42',NULL),(45,122,1,'122',50.000,'2015-08-29 17:30:42',NULL),(46,122,2,'122',60.000,'2015-08-29 17:30:42',NULL),(47,123,1,'123',70.000,'2015-08-29 17:30:42',NULL),(48,123,2,'123',80.000,'2015-08-29 17:30:42',NULL),(49,124,1,'124',90.000,'2015-08-29 17:30:42',NULL),(50,124,2,'124',10.000,'2015-08-29 17:30:42',NULL),(51,125,1,'125',20.000,'2015-08-29 17:30:42',NULL),(52,125,2,'125',30.000,'2015-08-29 17:30:42',NULL),(53,126,1,'126',40.000,'2015-08-29 17:30:42',NULL),(54,126,2,'126',50.000,'2015-08-29 17:30:42',NULL),(55,127,1,'127',60.000,'2015-08-29 17:30:42',NULL),(56,127,2,'127',70.000,'2015-08-29 17:30:42',NULL),(57,128,1,'128',80.000,'2015-08-29 17:30:42',NULL),(58,128,2,'128',90.000,'2015-08-29 17:30:42',NULL),(59,129,1,'129',10.000,'2015-08-29 17:30:42',NULL),(60,129,2,'129',20.000,'2015-08-29 17:30:42',NULL),(61,130,1,'130',30.000,'2015-08-29 17:30:42',NULL),(62,130,2,'130',40.000,'2015-08-29 17:30:42',NULL),(63,131,1,'131',50.000,'2015-08-29 17:30:42',NULL),(64,131,2,'131',60.000,'2015-08-29 17:30:42',NULL),(65,132,1,'132',70.000,'2015-08-29 17:30:42',NULL),(66,132,2,'132',80.000,'2015-08-29 17:30:42',NULL),(67,133,1,'133',90.000,'2015-08-29 17:30:42',NULL),(68,133,2,'133',10.000,'2015-08-29 17:30:42',NULL),(69,134,1,'134',20.000,'2015-08-29 17:30:42',NULL),(70,134,2,'134',30.000,'2015-08-29 17:30:42',NULL),(71,135,1,'135',40.000,'2015-08-29 17:30:42',NULL),(72,135,2,'135',50.000,'2015-08-29 17:30:42',NULL),(73,136,1,'136',60.000,'2015-08-29 17:30:42',NULL),(74,136,2,'136',70.000,'2015-08-29 17:30:42',NULL),(75,137,1,'137',80.000,'2015-08-29 17:30:42',NULL),(76,137,2,'137',90.000,'2015-08-29 17:30:42',NULL),(77,138,1,'138',10.000,'2015-08-29 17:30:42',NULL),(78,138,2,'138',20.000,'2015-08-29 17:30:42',NULL),(79,139,1,'139',30.000,'2015-08-29 17:30:42',NULL),(80,139,2,'139',40.000,'2015-08-29 17:30:42',NULL),(81,140,1,'140',50.000,'2015-08-29 17:30:42',NULL),(82,140,2,'140',60.000,'2015-08-29 17:30:42',NULL),(83,141,1,'141',70.000,'2015-08-29 17:30:42',NULL),(84,141,2,'141',80.000,'2015-08-29 17:30:42',NULL),(85,142,1,'142',90.000,'2015-08-29 17:30:42',NULL),(86,142,2,'142',10.000,'2015-08-29 17:30:42',NULL),(87,143,1,'143',20.000,'2015-08-29 17:30:42',NULL),(88,143,2,'143',30.000,'2015-08-29 17:30:42',NULL),(89,144,1,'144',40.000,'2015-08-29 17:30:42',NULL),(90,144,2,'144',50.000,'2015-08-29 17:30:42',NULL),(91,145,1,'145',60.000,'2015-08-29 17:30:42',NULL),(92,145,2,'145',70.000,'2015-08-29 17:30:42',NULL),(93,146,1,'146',80.000,'2015-08-29 17:30:42',NULL),(94,146,2,'146',90.000,'2015-08-29 17:30:42',NULL),(95,147,1,'147',10.000,'2015-08-29 17:30:42',NULL),(96,147,2,'147',20.000,'2015-08-29 17:30:42',NULL),(97,148,1,'148',30.000,'2015-08-29 17:30:42',NULL),(98,148,2,'148',40.000,'2015-08-29 17:30:42',NULL),(99,149,1,'149',50.000,'2015-08-29 17:30:42',NULL),(100,149,2,'149',60.000,'2015-08-29 17:30:42',NULL),(101,150,1,'150',70.000,'2015-08-29 17:30:42',NULL),(102,150,2,'150',80.000,'2015-08-29 17:30:42',NULL),(103,151,1,'151',90.000,'2015-08-29 17:30:42',NULL),(104,151,2,'151',10.000,'2015-08-29 17:30:42',NULL),(105,152,1,'152',20.000,'2015-08-29 17:30:42',NULL),(106,152,2,'152',30.000,'2015-08-29 17:30:42',NULL),(107,153,1,'153',40.000,'2015-08-29 17:30:42',NULL),(108,153,2,'153',50.000,'2015-08-29 17:30:42',NULL),(109,154,1,'154',60.000,'2015-08-29 17:30:42',NULL),(110,154,2,'154',70.000,'2015-08-29 17:30:42',NULL),(111,155,1,'155',80.000,'2015-08-29 17:30:42',NULL),(112,155,2,'155',90.000,'2015-08-29 17:30:42',NULL),(113,156,1,'156',10.000,'2015-08-29 17:30:42',NULL),(114,156,2,'156',20.000,'2015-08-29 17:30:42',NULL),(115,157,1,'157',30.000,'2015-08-29 17:30:42',NULL),(116,157,2,'157',40.000,'2015-08-29 17:30:42',NULL),(117,158,1,'158',50.000,'2015-08-29 17:30:42',NULL),(118,158,2,'158',60.000,'2015-08-29 17:30:42',NULL),(119,159,1,'159',70.000,'2015-08-29 17:30:42',NULL),(120,159,2,'159',80.000,'2015-08-29 17:30:42',NULL),(121,160,1,'160',90.000,'2015-08-29 17:30:42',NULL),(122,160,2,'160',10.000,'2015-08-29 17:30:42',NULL),(123,161,1,'161',20.000,'2015-08-29 17:30:42',NULL),(124,161,2,'161',30.000,'2015-08-29 17:30:42',NULL),(125,162,1,'162',40.000,'2015-08-29 17:30:42',NULL),(126,162,2,'162',50.000,'2015-08-29 17:30:42',NULL),(127,163,1,'163',60.000,'2015-08-29 17:30:42',NULL),(128,163,2,'163',70.000,'2015-08-29 17:30:42',NULL),(129,164,1,'164',80.000,'2015-08-29 17:30:42',NULL),(130,164,2,'164',90.000,'2015-08-29 17:30:42',NULL),(131,165,1,'165',10.000,'2015-08-29 17:30:42',NULL),(132,165,2,'165',20.000,'2015-08-29 17:30:42',NULL),(133,166,1,'166',30.000,'2015-08-29 17:30:42',NULL),(134,166,2,'166',40.000,'2015-08-29 17:30:42',NULL),(135,167,1,'167',50.000,'2015-08-29 17:30:42',NULL),(136,167,2,'167',60.000,'2015-08-29 17:30:42',NULL),(137,168,1,'168',70.000,'2015-08-29 17:30:42',NULL),(138,168,2,'168',80.000,'2015-08-29 17:30:42',NULL),(139,169,1,'169',90.000,'2015-08-29 17:30:42',NULL),(140,169,2,'169',10.000,'2015-08-29 17:30:42',NULL),(141,170,1,'170',20.000,'2015-08-29 17:30:42',NULL),(142,170,2,'170',30.000,'2015-08-29 17:30:42',NULL),(143,171,1,'171',40.000,'2015-08-29 17:30:42',NULL),(144,171,2,'171',50.000,'2015-08-29 17:30:42',NULL),(145,172,1,'172',60.000,'2015-08-29 17:30:42',NULL),(146,172,2,'172',70.000,'2015-08-29 17:30:42',NULL),(147,173,1,'173',80.000,'2015-08-29 17:30:42',NULL),(148,173,2,'173',90.000,'2015-08-29 17:30:42',NULL),(149,174,1,'174',10.000,'2015-08-29 17:30:42',NULL),(150,174,2,'174',20.000,'2015-08-29 17:30:42',NULL),(151,175,1,'175',30.000,'2015-08-29 17:30:42',NULL),(152,175,2,'175',40.000,'2015-08-29 17:30:42',NULL),(153,176,1,'176',50.000,'2015-08-29 17:30:42',NULL),(154,176,2,'176',60.000,'2015-08-29 17:30:42',NULL),(155,177,1,'177',70.000,'2015-08-29 17:30:42',NULL),(156,177,2,'177',80.000,'2015-08-29 17:30:42',NULL),(157,178,1,'178',90.000,'2015-08-29 17:30:42',NULL),(158,178,2,'178',10.000,'2015-08-29 17:30:42',NULL),(159,179,1,'179',20.000,'2015-08-29 17:30:42',NULL),(160,179,2,'179',30.000,'2015-08-29 17:30:42',NULL),(161,180,1,'180',40.000,'2015-08-29 17:30:42',NULL),(162,180,2,'180',50.000,'2015-08-29 17:30:42',NULL),(163,181,1,'181',60.000,'2015-08-29 17:30:42',NULL),(164,181,2,'181',70.000,'2015-08-29 17:30:42',NULL),(165,182,1,'182',80.000,'2015-08-29 17:30:42',NULL),(166,182,2,'182',90.000,'2015-08-29 17:30:42',NULL),(167,183,1,'183',10.000,'2015-08-29 17:30:42',NULL),(168,183,2,'183',20.000,'2015-08-29 17:30:42',NULL),(169,184,1,'184',30.000,'2015-08-29 17:30:42',NULL),(170,184,2,'184',40.000,'2015-08-29 17:30:42',NULL),(171,185,1,'185',50.000,'2015-08-29 17:30:42',NULL),(172,185,2,'185',60.000,'2015-08-29 17:30:42',NULL),(173,186,1,'186',70.000,'2015-08-29 17:30:42',NULL),(174,186,2,'186',80.000,'2015-08-29 17:30:42',NULL),(175,187,1,'187',90.000,'2015-08-29 17:30:42',NULL),(176,187,2,'187',10.000,'2015-08-29 17:30:42',NULL),(177,188,1,'188',20.000,'2015-08-29 17:30:42',NULL),(178,188,2,'188',30.000,'2015-08-29 17:30:42',NULL),(179,189,1,'189',40.000,'2015-08-29 17:30:42',NULL),(180,189,2,'189',50.000,'2015-08-29 17:30:42',NULL),(181,190,1,'190',60.000,'2015-08-29 17:30:42',NULL),(182,190,2,'190',70.000,'2015-08-29 17:30:42',NULL),(183,191,1,'191',80.000,'2015-08-29 17:30:42',NULL),(184,191,2,'191',90.000,'2015-08-29 17:30:42',NULL),(185,192,1,'192',10.000,'2015-08-29 17:30:42',NULL),(186,192,2,'192',20.000,'2015-08-29 17:30:42',NULL),(187,193,1,'193',30.000,'2015-08-29 17:30:42',NULL),(188,193,2,'193',40.000,'2015-08-29 17:30:42',NULL),(189,194,1,'194',50.000,'2015-08-29 17:30:42',NULL),(190,194,2,'194',60.000,'2015-08-29 17:30:42',NULL),(191,195,1,'195',70.000,'2015-08-29 17:30:42',NULL),(192,195,2,'195',80.000,'2015-08-29 17:30:42',NULL),(193,196,1,'196',90.000,'2015-08-29 17:30:42',NULL),(194,196,2,'196',10.000,'2015-08-29 17:30:42',NULL),(195,197,1,'197',20.000,'2015-08-29 17:30:42',NULL),(196,197,2,'197',30.000,'2015-08-29 17:30:42',NULL),(197,198,1,'198',40.000,'2015-08-29 17:30:42',NULL),(198,198,2,'198',50.000,'2015-08-29 17:30:42',NULL),(199,199,1,'199',60.000,'2015-08-29 17:30:42',NULL),(200,199,2,'199',70.000,'2015-08-29 17:30:42',NULL),(201,200,1,'200',80.000,'2015-08-29 17:30:42',NULL),(202,200,2,'200',90.000,'2015-08-29 17:30:42',NULL),(203,201,1,'201',10.000,'2015-08-29 17:30:42',NULL),(204,201,2,'201',20.000,'2015-08-29 17:30:42',NULL),(205,202,1,'202',30.000,'2015-08-29 17:30:42',NULL),(206,202,2,'202',40.000,'2015-08-29 17:30:42',NULL);
/*!40000 ALTER TABLE `product_mappings` ENABLE KEYS */;
UNLOCK TABLES;

--
-- Table structure for table `products`
--

DROP TABLE IF EXISTS `products`;
/*!40101 SET @saved_cs_client     = @@character_set_client */;
/*!40101 SET character_set_client = utf8 */;
CREATE TABLE `products` (
  `id` bigint(20) NOT NULL AUTO_INCREMENT,
  `name` varchar(250) DEFAULT NULL,
  `category_id` bigint(20) NOT NULL,
  PRIMARY KEY (`id`),
  KEY `catrgory_id_idx` (`category_id`),
  CONSTRAINT `catrgory_id` FOREIGN KEY (`category_id`) REFERENCES `categories` (`id`) ON DELETE NO ACTION ON UPDATE NO ACTION
) ENGINE=InnoDB AUTO_INCREMENT=203 DEFAULT CHARSET=latin1;
/*!40101 SET character_set_client = @saved_cs_client */;

--
-- Dumping data for table `products`
--

LOCK TABLES `products` WRITE;
/*!40000 ALTER TABLE `products` DISABLE KEYS */;
INSERT INTO `products` VALUES (102,'colgate',1),(103,'dabur',1),(104,'pepsodent',1),(105,'closeup',1),(106,'sensodyne',1),(107,'oralb',1),(108,'colgate',2),(109,'oralb',2),(110,'pepsodent',2),(111,'sensodyne',2),(112,'mothercare',2),(113,'detol',3),(114,'lifeboy',3),(115,'santoor',3),(116,'wipro',3),(117,'medimix',3),(118,'lux',4),(119,'detol',4),(120,'lifeboy',4),(121,'santoor',4),(122,'rexona',4),(123,'medimix',4),(124,'hamam',4),(125,'shikakai',4),(126,'tide',5),(127,'surf excel',5),(128,'wheel',5),(129,'nirma',5),(130,'tide',6),(131,'surf excel',6),(132,'wheel',6),(133,'nirma',6),(134,'chabi',7),(135,'home life',7),(136,'ship',7),(137,'royal',7),(138,'AIM',7),(139,'cycle',7),(140,'Krishna Darshan',7),(141,'Z-black',7),(142,'ajamal collection sandal',7),(143,'ajamal collection rose',7),(144,'ajamal collection mogra',7),(145,'hem vanilla icense Sticks',7),(146,'Paraschute',8),(147,'Jasmin',8),(148,'Baja Almond',8),(149,'Patanjali Hair Oil',8),(150,'Paraschute AfterShower',9),(151,'Enliven Hair Gel',9),(152,'Gatsby',9),(153,'Adidas Hair Gel',9),(154,'Garnier',10),(155,'Pantene',10),(156,'Himalaya',10),(157,'Treseme',10),(158,'Bread',11),(159,'Butter',11),(160,'Jam',11),(161,'Cornflex',11),(162,'Oats',11),(163,'milk',11),(164,'tea powder',11),(165,'coffee',11),(166,'bournvita',11),(167,'complan',11),(168,'horlicks',11),(169,'gooday',11),(170,'parle-g',11),(171,'tiger buiscuits',11),(172,'hide-n-sick',11),(173,'unibic cookies',11),(174,'Toor Dal',12),(175,'Moong Dal',12),(176,'Masoor Dal',12),(177,'Channa Dal',12),(178,'Moong Whole',12),(179,'Masoor Whole',12),(180,'Channa Whole',12),(181,'Wheet',12),(182,'Rice',12),(183,'Dosa Batter',12),(184,'Idli Batter',12),(185,'Dhokla Batter',12),(186,'gemini sunflower oil',13),(187,'gemini rice bran oil',13),(188,'fortune sunflower oil',13),(189,'fortune rice bran oil',13),(190,'dhara sunflower oil',13),(191,'dhara rice bran oil',13),(192,'Amul Ghee',13),(193,'Nandini Desi Ghee',13),(194,'Garam masala',14),(195,'Chicken Masala',14),(196,'Biryani Masala',14),(197,'Redchilli Powder',14),(198,'Turmeric Powder',14),(199,'Jeera/ Cumin',14),(200,'Sesame',14),(201,'Coriander Powder',14),(202,'Mustard Seeds',14);
/*!40000 ALTER TABLE `products` ENABLE KEYS */;
UNLOCK TABLES;

--
-- Table structure for table `vendors`
--

DROP TABLE IF EXISTS `vendors`;
/*!40101 SET @saved_cs_client     = @@character_set_client */;
/*!40101 SET character_set_client = utf8 */;
CREATE TABLE `vendors` (
  `id` bigint(20) NOT NULL AUTO_INCREMENT,
  `name` varchar(250) DEFAULT NULL,
  `website` varchar(250) DEFAULT NULL,
  `is_active` bit(1) NOT NULL DEFAULT b'1',
  PRIMARY KEY (`id`)
) ENGINE=InnoDB AUTO_INCREMENT=3 DEFAULT CHARSET=latin1;
/*!40101 SET character_set_client = @saved_cs_client */;

--
-- Dumping data for table `vendors`
--

LOCK TABLES `vendors` WRITE;
/*!40000 ALTER TABLE `vendors` DISABLE KEYS */;
INSERT INTO `vendors` VALUES (1,'flipkart','http://www.flipkart.com',''),(2,'amazon','http://amazon.co.in','');
/*!40000 ALTER TABLE `vendors` ENABLE KEYS */;
UNLOCK TABLES;
/*!40103 SET TIME_ZONE=@OLD_TIME_ZONE */;

/*!40101 SET SQL_MODE=@OLD_SQL_MODE */;
/*!40014 SET FOREIGN_KEY_CHECKS=@OLD_FOREIGN_KEY_CHECKS */;
/*!40014 SET UNIQUE_CHECKS=@OLD_UNIQUE_CHECKS */;
/*!40101 SET CHARACTER_SET_CLIENT=@OLD_CHARACTER_SET_CLIENT */;
/*!40101 SET CHARACTER_SET_RESULTS=@OLD_CHARACTER_SET_RESULTS */;
/*!40101 SET COLLATION_CONNECTION=@OLD_COLLATION_CONNECTION */;
/*!40111 SET SQL_NOTES=@OLD_SQL_NOTES */;

-- Dump completed on 2015-08-29 17:31:49
